file,label,tag,samples,duration_ms,raw_peak,inband_snr_db,mic_gain,recorded_at
lumos_01.wav,lumos,fast,16128,1008,6600,38.1,28,2026-08-23T15:36:56
lumos_02.wav,lumos,fast,18944,1184,6292,33.1,28,2026-08-23T15:36:58
lumos_03.wav,lumos,fast,20736,1296,6317,33.2,28,2026-08-23T15:37:01
lumos_04.wav,lumos,fast,21760,1360,5825,39.1,28,2026-08-23T15:37:04
lumos_05.wav,lumos,fast,17408,1088,7319,36.2,28,2026-08-23T15:37:06
nox_01.wav,nox,fast,15616,976,5518,36.8,28,2026-08-23T15:37:09
nox_02.wav,nox,fast,14336,896,4282,34.7,28,2026-08-23T15:37:12
nox_03.wav,nox,fast,20736,1296,4428,31.0,28,2026-08-23T15:37:14
nox_04.wav,nox,fast,12544,784,3336,22.6,28,2026-08-23T15:37:17
nox_05.wav,nox,fast,13824,864,4316,33.5,28,2026-08-23T15:37:19
expelliarmus_01.wav,expelliarmus,fast,20992,1312,2408,23.8,28,2026-08-23T15:37:23
expelliarmus_02.wav,expelliarmus,fast,24064,1504,2571,24.0,28,2026-08-23T15:37:26
expelliarmus_03.wav,expelliarmus,fast,21760,1360,2666,26.0,28,2026-08-23T15:37:29
expelliarmus_04.wav,expelliarmus,fast,24320,1520,2549,26.7,28,2026-08-23T15:37:32
expelliarmus_05.wav,expelliarmus,fast,20992,1312,3045,22.2,28,2026-08-23T15:37:34
avada_kedavra_01.wav,avada_kedavra,fast,21760,1360,8097,44.1,28,2026-08-23T15:37:38
avada_kedavra_02.wav,avada_kedavra,fast,19712,1232,7528,46.0,28,2026-08-23T15:37:41
avada_kedavra_03.wav,avada_kedavra,fast,23808,1488,7006,45.4,28,2026-08-23T15:37:44
avada_kedavra_04.wav,avada_kedavra,fast,23808,1488,5641,45.0,28,2026-08-23T15:37:48
avada_kedavra_05.wav,avada_kedavra,fast,26624,1664,5213,43.8,28,2026-08-23T15:37:51
expecto_patronum_01.wav,expecto_patronum,fast,24064,1504,6282,35.1,28,2026-08-23T15:40:00
expecto_patronum_02.wav,expecto_patronum,fast,28928,1808,5483,33.3,28,2026-08-23T15:40:04
expecto_patronum_03.wav,expecto_patronum,fast,25344,1584,4905,35.8,28,2026-08-23T15:40:07
expecto_patronum_04.wav,expecto_patronum,fast,27136,1696,4888,33.5,28,2026-08-23T15:40:11
expecto_patronum_05.wav,expecto_patronum,fast,24832,1552,4129,32.8,28,2026-08-23T15:40:14
